Handle,Title,Option1 Name,Option1 Value,Option2 Name,Option2 Value,Option3 Name,Option3 Value,SKU,HS Code,COO,Contender Park City,Contender Salt Lake City,Contender Warehouse
open-mind-rapha-frameset,OPEN MIND Rapha Limited Edition Frameset,Color,Rapha Limited Edition,Size,S,,,210000137931,,,0,0,0
open-up-rapha-frameset,OPEN UP Rapha Limited Edition Frameset,Color,Rapha Limited Edition,Size,XL,,,210000137179,,,0,1,1
open-up-rapha-frameset,OPEN UP Rapha Limited Edition Frameset,Color,Rapha Limited Edition,Size,L,,,210000137178,,,0,0,2
open-up-rapha-frameset,OPEN UP Rapha Limited Edition Frameset,Color,Rapha Limited Edition,Size,M,,,210000137177,,,0,1,2
open-up-rapha-frameset,OPEN UP Rapha Limited Edition Frameset,Color,Rapha Limited Edition,Size,S,,,210000137176,,,0,0,0
open-mind-rapha-frameset,OPEN MIND Rapha Limited Edition Frameset,Color,Rapha Limited Edition,Size,XL,,,210000137175,,,0,1,0
open-mind-rapha-frameset,OPEN MIND Rapha Limited Edition Frameset,Color,Rapha Limited Edition,Size,L,,,210000137174,,,0,1,1
open-mind-rapha-frameset,OPEN MIND Rapha Limited Edition Frameset,Color,Rapha Limited Edition,Size,M,,,210000137173,,,0,1,2
cervelo-aspero-frameset,2022 Cervelo Aspero Frameset,Color,Satin Black,Size,51,,,210000135592,,,0,0,0
cervelo-aspero-frameset,2022 Cervelo Aspero Frameset,Color,Satin Black,Size,58,,,210000135591,,,0,1,0
cervelo-aspero-frameset,2022 Cervelo Aspero Frameset,Color,Satin Black,Size,56,,,210000135590,,,0,0,0
cervelo-aspero-frameset,2022 Cervelo Aspero Frameset,Color,Satin Black,Size,54,,,210000135589,,,0,1,1
cervelo-aspero-frameset,2022 Cervelo Aspero Frameset,Color,Satin Black,Size,48,,,210000135587,,,0,0,0
cervelo-aspero-frameset,2022 Cervelo Aspero Frameset,Color,Lime Shimmer,Size,54,,,210000135586,,,0,0,0
cervelo-aspero-frameset,2022 Cervelo Aspero Frameset,Color,Lime Shimmer,Size,58,,,210000135584,,,0,0,0
cervelo-aspero-frameset,2022 Cervelo Aspero Frameset,Color,Lime Shimmer,Size,56,,,210000135583,,,0,0,0
cervelo-aspero-frameset,2022 Cervelo Aspero Frameset,Color,Lime Shimmer,Size,51,,,210000135582,,,0,0,0
enve-melee,ENVE Melee,Color,Damascus (Grey),Size,56,,,210000135863,,,0,1,2
enve-melee,ENVE Melee,Color,Damascus (Grey),Size,52,,,210000135862,,,0,2,2
enve-melee,ENVE Melee,Color,Damascus (Grey),Size,47,,,210000135861,,,0,1,0
enve-melee,ENVE Melee,Color,Damascus (Grey),Size,50,,,210000135860,,,0,2,2
enve-melee,ENVE Melee,Color,Damascus (Grey),Size,54,,,210000135859,,,0,3,5
enve-melee,ENVE Melee,Color,Damascus (Grey),Size,58,,,210000135858,,,0,1,5
enve-melee,ENVE Melee,Color,Damascus (Grey),Size,60,,,210000135857,,,0,0,4
2022-cervelo-aspero-frameset,2022 Cervelo Aspero-5 Frameset,Color,Five Black,Size,54,,,210000135594,,,0,2,0
2022-cervelo-aspero-frameset,2022 Cervelo Aspero-5 Frameset,Color,Five Black,Size,56,,,210000135593,,,0,0,0
2022-cervelo-aspero-frameset,2022 Cervelo Aspero-5 Frameset,Color,Lime Shimmer,Size,56,,,210000135575,,,0,0,0
2022-cervelo-aspero-frameset,2022 Cervelo Aspero-5 Frameset,Color,Five / Carbon Black,Size,56,,,210000135571,,,0,0,0
3t-exploro-ultra,3T Exploro Ultra Frameset,Color,Terracotta,Size,56,,,210000134986,,,0,1,1
3t-exploro-ultra,3T Exploro Ultra Frameset,Color,Terracotta,Size,54,,,210000134755,,,0,1,1
2022-cervelo-aspero-frameset,2022 Cervelo Aspero-5 Frameset,Color,Purple Sunset,Size,51,,,210000134547,,,0,1,0
2022-cervelo-aspero-frameset,2022 Cervelo Aspero-5 Frameset,Color,Satin Black,Size,58,,,210000134551,,,0,0,0
2022-cervelo-aspero-frameset,2022 Cervelo Aspero-5 Frameset,Color,Satin Black,Size,54,,,210000134549,,,0,0,0
2022-cervelo-aspero-frameset,2022 Cervelo Aspero-5 Frameset,Color,Satin Black,Size,56,,,210000134550,,,0,0,0
2022-cervelo-aspero-frameset,2022 Cervelo Aspero-5 Frameset,Color,Satin Black,Size,51,,,210000134548,,,0,0,0
2022-cervelo-aspero-frameset,2022 Cervelo Aspero-5 Frameset,Color,Purple Sunset,Size,56,,,210000134170,,,0,0,0
2022-cervelo-aspero-frameset,2022 Cervelo Aspero-5 Frameset,Color,Purple Sunset,Size,54,,,210000133964,,,0,1,0
3t-exploro-ultra,3T Exploro Ultra Frameset,Color,Steel Blue,Size,56,,,210000133947,,,0,0,0
3t-exploro-ultra,3T Exploro Ultra Frameset,Color,Steel Blue,Size,54,,,210000133946,,,0,0,0
3t-exploro-ultra,3T Exploro Ultra Frameset,Color,Racing Green,Size,54,,,210000133944,,,0,1,0
3t-exploro-ultra,3T Exploro Ultra Frameset,Color,Racing Green,Size,56,,,210000133945,,,0,0,0
3t-exploro-racemax-frame,3T Exploro RaceMax Frameset,Color,Blue/Brown,Size,61,,,210000133550,,,0,0,0
open-mind-california-frame,Open MIND Made In California Frame,Color,RTP,Size,SM,,,210000133489,,,0,0,0
open-mind-california-frame,Open MIND Made In California Frame,Color,RTP,Size,XL,,,210000133490,,,0,0,0
open-mind-california-frame,Open MIND Made In California Frame,Color,RTP,Size,MD,,,210000133488,,,0,0,0
open-one-frameset,Open One + Frameset,Color,Black,Size,S,,,210000132804,,,0,1,0
open-mind-california-frame,Open MIND Made In California Frame,Color,RTP,Size,LG,,,210000132451,,,0,0,0
open-u-p-unbeaten-path-gravel-frameset,OPEN UP Frameset,Color,Orange,Size,XL,,,210000132332,,,0,1,0
open-u-p-unbeaten-path-gravel-frameset,OPEN UP Frameset,Color,Orange,Size,LG,,,210000132331,,,0,1,0
open-u-p-unbeaten-path-gravel-frameset,OPEN UP Frameset,Color,Orange,Size,SM,,,210000132329,,,0,0,0
open-u-p-unbeaten-path-gravel-frameset,OPEN UP Frameset,Color,Orange,Size,MD,,,210000132330,,,0,1,0
open-wide-frameset-ready-to-paint-xs-custom,OPEN WIDE Frameset Ready To Paint XS CUSTOM,Color,Ballerina Pink & White,Size,XS,,,210000126886,,,0,0,0
alpe-dhuez-01-disc-with-aktiv-fork,2022 TIME Alpe D'Huez 01 Disc with Aktiv Fork Frameset,Color,Raw - RTP,Size,L,,,210000131348,,,0,0,0
alpe-dhuez-01-disc-with-aktiv-fork,2022 TIME Alpe D'Huez 01 Disc with Aktiv Fork Frameset,Color,Raw - RTP,Size,M,,,210000131347,,,0,0,0
alpe-dhuez-01-disc-with-aktiv-fork,2022 TIME Alpe D'Huez 01 Disc with Aktiv Fork Frameset,Color,Raw - RTP,Size,S,,,210000131346,,,0,0,0
alpe-dhuez-01-disc-with-aktiv-fork,2022 TIME Alpe D'Huez 01 Disc with Aktiv Fork Frameset,Color,Raw - RTP,Size,XL,,,210000131349,,,0,0,0
alpe-dhuez-01-disc-with-aktiv-fork,2022 TIME Alpe D'Huez 01 Disc with Aktiv Fork Frameset,Color,Raw - RTP,Size,XS,,,210000131345,,,0,0,0
alpe-dhuez-01-disc-with-aktiv-fork,2022 TIME Alpe D'Huez 01 Disc with Aktiv Fork Frameset,Color,Raw - RTP,Size,XXS,,,210000131344,,,0,0,0
alpe-dhuez-01-disc-with-aktiv-fork,2022 TIME Alpe D'Huez 01 Disc with Aktiv Fork Frameset,Color,V13 Matte Silver/ Matte Carbon/ Matte White Logos,Size,XL,,,210000131150,,,0,0,0
alpe-dhuez-01-disc-with-aktiv-fork,2022 TIME Alpe D'Huez 01 Disc with Aktiv Fork Frameset,Color,V13 Matte Silver/ Matte Carbon/ Matte White Logos,Size,L,,,210000131149,,,0,0,0
alpe-dhuez-01-disc-with-aktiv-fork,2022 TIME Alpe D'Huez 01 Disc with Aktiv Fork Frameset,Color,V13 Matte Silver/ Matte Carbon/ Matte White Logos,Size,M,,,210000131148,,,0,0,0
alpe-dhuez-01-disc-with-aktiv-fork,2022 TIME Alpe D'Huez 01 Disc with Aktiv Fork Frameset,Color,V13 Matte Silver/ Matte Carbon/ Matte White Logos,Size,S,,,210000131147,,,0,0,0
alpe-dhuez-01-disc-with-aktiv-fork,2022 TIME Alpe D'Huez 01 Disc with Aktiv Fork Frameset,Color,V13 Matte Silver/ Matte Carbon/ Matte White Logos,Size,XS,,,210000131146,,,0,0,0
alpe-dhuez-01-disc-with-aktiv-fork,2022 TIME Alpe D'Huez 01 Disc with Aktiv Fork Frameset,Color,V13 Matte Silver/ Matte Carbon/ Matte White Logos,Size,XXS,,,210000131145,,,0,0,0
alpe-dhuez-01-disc-with-aktiv-fork,2022 TIME Alpe D'Huez 01 Disc with Aktiv Fork Frameset,Color,V12 Gloss Red/  Gloss Carbon/ White Logos,Size,XL,,,210000131144,,,0,0,0
alpe-dhuez-01-disc-with-aktiv-fork,2022 TIME Alpe D'Huez 01 Disc with Aktiv Fork Frameset,Color,V12 Gloss Red/  Gloss Carbon/ White Logos,Size,L,,,210000131143,,,0,0,0
alpe-dhuez-01-disc-with-aktiv-fork,2022 TIME Alpe D'Huez 01 Disc with Aktiv Fork Frameset,Color,V12 Gloss Red/  Gloss Carbon/ White Logos,Size,M,,,210000131142,,,0,0,0
alpe-dhuez-01-disc-with-aktiv-fork,2022 TIME Alpe D'Huez 01 Disc with Aktiv Fork Frameset,Color,V12 Gloss Red/  Gloss Carbon/ White Logos,Size,S,,,210000131141,,,0,0,0
alpe-dhuez-01-disc-with-aktiv-fork,2022 TIME Alpe D'Huez 01 Disc with Aktiv Fork Frameset,Color,V12 Gloss Red/  Gloss Carbon/ White Logos,Size,XS,,,210000131140,,,0,0,0
alpe-dhuez-01-disc-with-aktiv-fork,2022 TIME Alpe D'Huez 01 Disc with Aktiv Fork Frameset,Color,V12 Gloss Red/  Gloss Carbon/ White Logos,Size,XXS,,,210000131139,,,0,0,0
alpe-dhuez-01-disc-with-aktiv-fork,2022 TIME Alpe D'Huez 01 Disc with Aktiv Fork Frameset,Color,V11 Gloss Carbon/ Matte Black Logos,Size,XL,,,210000131138,,,0,0,0
alpe-dhuez-01-disc-with-aktiv-fork,2022 TIME Alpe D'Huez 01 Disc with Aktiv Fork Frameset,Color,V11 Gloss Carbon/ Matte Black Logos,Size,L,,,210000131137,,,0,0,0
alpe-dhuez-01-disc-with-aktiv-fork,2022 TIME Alpe D'Huez 01 Disc with Aktiv Fork Frameset,Color,V11 Gloss Carbon/ Matte Black Logos,Size,M,,,210000131136,,,0,0,0
alpe-dhuez-01-disc-with-aktiv-fork,2022 TIME Alpe D'Huez 01 Disc with Aktiv Fork Frameset,Color,V11 Gloss Carbon/ Matte Black Logos,Size,S,,,210000131135,,,0,0,0
alpe-dhuez-01-disc-with-aktiv-fork,2022 TIME Alpe D'Huez 01 Disc with Aktiv Fork Frameset,Color,V11 Gloss Carbon/ Matte Black Logos,Size,XS,,,210000131134,,,0,0,0
alpe-dhuez-01-disc-with-aktiv-fork,2022 TIME Alpe D'Huez 01 Disc with Aktiv Fork Frameset,Color,V11 Gloss Carbon/ Matte Black Logos,Size,XXS,,,210000131133,,,0,0,0
alpe-dhuez-01-disc-with-aktiv-fork,2022 TIME Alpe D'Huez 01 Disc with Aktiv Fork Frameset,Color,VA9 Gloss Blue / Gloss Carbon,Size,XL,,,210000131132,,,0,0,0
alpe-dhuez-01-disc-with-aktiv-fork,2022 TIME Alpe D'Huez 01 Disc with Aktiv Fork Frameset,Color,VA9 Gloss Blue / Gloss Carbon,Size,L,,,210000131131,,,0,0,0
alpe-dhuez-01-disc-with-aktiv-fork,2022 TIME Alpe D'Huez 01 Disc with Aktiv Fork Frameset,Color,VA9 Gloss Blue / Gloss Carbon,Size,M,,,210000131130,,,0,0,0
alpe-dhuez-01-disc-with-aktiv-fork,2022 TIME Alpe D'Huez 01 Disc with Aktiv Fork Frameset,Color,VA9 Gloss Blue / Gloss Carbon,Size,S,,,210000131129,,,0,0,0
alpe-dhuez-01-disc-with-aktiv-fork,2022 TIME Alpe D'Huez 01 Disc with Aktiv Fork Frameset,Color,VA9 Gloss Blue / Gloss Carbon,Size,XS,,,210000131128,,,0,0,0
alpe-dhuez-01-disc-with-aktiv-fork,2022 TIME Alpe D'Huez 01 Disc with Aktiv Fork Frameset,Color,VA9 Gloss Blue / Gloss Carbon,Size,XXS,,,210000131127,,,0,0,0
alpe-dhuez-21-disc-with-aktiv-fork,2022 Time Alpe d'Huez 21 Disc with Aktiv Fork Frameset,Color,RAW - RTP,Size,XL,,,210000131361,,,0,0,0
alpe-dhuez-21-disc-with-aktiv-fork,2022 Time Alpe d'Huez 21 Disc with Aktiv Fork Frameset,Color,RAW - RTP,Size,XXS,,,210000131356,,,0,0,0
alpe-dhuez-21-disc-with-aktiv-fork,2022 Time Alpe d'Huez 21 Disc with Aktiv Fork Frameset,Color,RAW - RTP,Size,M,,,210000131359,,,0,0,0
alpe-dhuez-21-disc-with-aktiv-fork,2022 Time Alpe d'Huez 21 Disc with Aktiv Fork Frameset,Color,RAW - RTP,Size,L,,,210000131360,,,0,0,0
alpe-dhuez-21-disc-with-aktiv-fork,2022 Time Alpe d'Huez 21 Disc with Aktiv Fork Frameset,Color,RAW - RTP,Size,XS,,,210000131357,,,0,0,0
alpe-dhuez-21-disc-with-aktiv-fork,2022 Time Alpe d'Huez 21 Disc with Aktiv Fork Frameset,Color,RAW - RTP,Size,S,,,210000131358,,,0,0,0
alpe-dhuez-01-rim-brake,2022 TIME Alpe d'Huez 01 Rim Brake Frameset,Color,RAW - RTP,Size,S,,,210000131352,,,0,0,0
alpe-dhuez-01-rim-brake,2022 TIME Alpe d'Huez 01 Rim Brake Frameset,Color,RAW - RTP,Size,M,,,210000131353,,,0,0,0
alpe-dhuez-01-rim-brake,2022 TIME Alpe d'Huez 01 Rim Brake Frameset,Color,RAW - RTP,Size,L,,,210000131354,,,0,0,0
alpe-dhuez-01-rim-brake,2022 TIME Alpe d'Huez 01 Rim Brake Frameset,Color,RAW - RTP,Size,XXS,,,210000131350,,,0,0,0
alpe-dhuez-01-rim-brake,2022 TIME Alpe d'Huez 01 Rim Brake Frameset,Color,RAW - RTP,Size,XS,,,210000131351,,,0,0,0
alpe-dhuez-01-rim-brake,2022 TIME Alpe d'Huez 01 Rim Brake Frameset,Color,RAW - RTP,Size,XL,,,210000131355,,,0,0,0
alpe-dhuez-21-disc-with-aktiv-fork,2022 Time Alpe d'Huez 21 Disc with Aktiv Fork Frameset,Color,V15 Gloss White/ Gloss Carbon,Size,XL,,,210000131230,,,0,0,0
alpe-dhuez-21-disc-with-aktiv-fork,2022 Time Alpe d'Huez 21 Disc with Aktiv Fork Frameset,Color,V15 Gloss White/ Gloss Carbon,Size,L,,,210000131229,,,0,0,0
alpe-dhuez-21-disc-with-aktiv-fork,2022 Time Alpe d'Huez 21 Disc with Aktiv Fork Frameset,Color,V15 Gloss White/ Gloss Carbon,Size,M,,,210000131228,,,0,0,0
alpe-dhuez-21-disc-with-aktiv-fork,2022 Time Alpe d'Huez 21 Disc with Aktiv Fork Frameset,Color,V15 Gloss White/ Gloss Carbon,Size,X,,,210000131227,,,0,0,0
alpe-dhuez-21-disc-with-aktiv-fork,2022 Time Alpe d'Huez 21 Disc with Aktiv Fork Frameset,Color,V15 Gloss White/ Gloss Carbon,Size,XS,,,210000131226,,,0,0,0
alpe-dhuez-21-disc-with-aktiv-fork,2022 Time Alpe d'Huez 21 Disc with Aktiv Fork Frameset,Color,V15 Gloss White/ Gloss Carbon,Size,XXS,,,210000131225,,,0,0,0
alpe-dhuez-21-disc-with-aktiv-fork,2022 Time Alpe d'Huez 21 Disc with Aktiv Fork Frameset,Color,V14 Gloss Purple/ Gloss Carbon,Size,XL,,,210000131224,,,0,0,0
alpe-dhuez-21-disc-with-aktiv-fork,2022 Time Alpe d'Huez 21 Disc with Aktiv Fork Frameset,Color,V14 Gloss Purple/ Gloss Carbon,Size,L,,,210000131223,,,0,0,0
alpe-dhuez-21-disc-with-aktiv-fork,2022 Time Alpe d'Huez 21 Disc with Aktiv Fork Frameset,Color,V14 Gloss Purple/ Gloss Carbon,Size,M,,,210000131222,,,0,0,0
alpe-dhuez-21-disc-with-aktiv-fork,2022 Time Alpe d'Huez 21 Disc with Aktiv Fork Frameset,Color,V14 Gloss Purple/ Gloss Carbon,Size,X,,,210000131221,,,0,0,0
alpe-dhuez-21-disc-with-aktiv-fork,2022 Time Alpe d'Huez 21 Disc with Aktiv Fork Frameset,Color,V14 Gloss Purple/ Gloss Carbon,Size,XS,,,210000131220,,,0,0,0
alpe-dhuez-21-disc-with-aktiv-fork,2022 Time Alpe d'Huez 21 Disc with Aktiv Fork Frameset,Color,V14 Gloss Purple/ Gloss Carbon,Size,XXS,,,210000131219,,,0,0,0
alpe-dhuez-21-disc-with-aktiv-fork,2022 Time Alpe d'Huez 21 Disc with Aktiv Fork Frameset,Color,V11 Gloss Carbon/ Matte Black Logos,Size,XL,,,210000131218,,,0,0,0
alpe-dhuez-21-disc-with-aktiv-fork,2022 Time Alpe d'Huez 21 Disc with Aktiv Fork Frameset,Color,V11 Gloss Carbon/ Matte Black Logos,Size,L,,,210000131217,,,0,0,0
alpe-dhuez-21-disc-with-aktiv-fork,2022 Time Alpe d'Huez 21 Disc with Aktiv Fork Frameset,Color,V11 Gloss Carbon/ Matte Black Logos,Size,M,,,210000131216,,,0,0,0
alpe-dhuez-21-disc-with-aktiv-fork,2022 Time Alpe d'Huez 21 Disc with Aktiv Fork Frameset,Color,V11 Gloss Carbon/ Matte Black Logos,Size,X,,,210000131215,,,0,0,0
alpe-dhuez-21-disc-with-aktiv-fork,2022 Time Alpe d'Huez 21 Disc with Aktiv Fork Frameset,Color,V11 Gloss Carbon/ Matte Black Logos,Size,XS,,,210000131214,,,0,0,0
alpe-dhuez-21-disc-with-aktiv-fork,2022 Time Alpe d'Huez 21 Disc with Aktiv Fork Frameset,Color,V11 Gloss Carbon/ Matte Black Logos,Size,XXS,,,210000131213,,,0,0,0
alpe-dhuez-01-rim-brake,2022 TIME Alpe d'Huez 01 Rim Brake Frameset,Color,V13 Matte Silver / Matte Carbon / Matte White Logos,Size,XL,,,210000131182,,,0,0,0
alpe-dhuez-01-rim-brake,2022 TIME Alpe d'Huez 01 Rim Brake Frameset,Color,V13 Matte Silver / Matte Carbon / Matte White Logos,Size,L,,,210000131181,,,0,0,0
alpe-dhuez-01-rim-brake,2022 TIME Alpe d'Huez 01 Rim Brake Frameset,Color,V13 Matte Silver / Matte Carbon / Matte White Logos,Size,M,,,210000131180,,,0,0,0
alpe-dhuez-01-rim-brake,2022 TIME Alpe d'Huez 01 Rim Brake Frameset,Color,V13 Matte Silver / Matte Carbon / Matte White Logos,Size,S,,,210000131179,,,0,0,0
alpe-dhuez-01-rim-brake,2022 TIME Alpe d'Huez 01 Rim Brake Frameset,Color,V13 Matte Silver / Matte Carbon / Matte White Logos,Size,XS,,,210000131178,,,0,0,0
alpe-dhuez-01-rim-brake,2022 TIME Alpe d'Huez 01 Rim Brake Frameset,Color,V13 Matte Silver / Matte Carbon / Matte White Logos,Size,XXS,,,210000131177,,,0,0,0
alpe-dhuez-01-rim-brake,2022 TIME Alpe d'Huez 01 Rim Brake Frameset,Color,V12 Gloss Red/ Gloss Carbon / White Logos,Size,XL,,,210000131176,,,0,0,0
alpe-dhuez-01-rim-brake,2022 TIME Alpe d'Huez 01 Rim Brake Frameset,Color,V12 Gloss Red/ Gloss Carbon / White Logos,Size,L,,,210000131175,,,0,0,0
alpe-dhuez-01-rim-brake,2022 TIME Alpe d'Huez 01 Rim Brake Frameset,Color,V12 Gloss Red/ Gloss Carbon / White Logos,Size,M,,,210000131174,,,0,0,0
alpe-dhuez-01-rim-brake,2022 TIME Alpe d'Huez 01 Rim Brake Frameset,Color,V12 Gloss Red/ Gloss Carbon / White Logos,Size,S,,,210000131173,,,0,0,0
alpe-dhuez-01-rim-brake,2022 TIME Alpe d'Huez 01 Rim Brake Frameset,Color,V12 Gloss Red/ Gloss Carbon / White Logos,Size,XS,,,210000131172,,,0,0,0
alpe-dhuez-01-rim-brake,2022 TIME Alpe d'Huez 01 Rim Brake Frameset,Color,V12 Gloss Red/ Gloss Carbon / White Logos,Size,XXS,,,210000131171,,,0,0,0
alpe-dhuez-01-rim-brake,2022 TIME Alpe d'Huez 01 Rim Brake Frameset,Color,V11 Gloss Carbon/ Matte Black Logos,Size,XL,,,210000131170,,,0,0,0
alpe-dhuez-01-rim-brake,2022 TIME Alpe d'Huez 01 Rim Brake Frameset,Color,V11 Gloss Carbon/ Matte Black Logos,Size,L,,,210000131169,,,0,0,0
alpe-dhuez-01-rim-brake,2022 TIME Alpe d'Huez 01 Rim Brake Frameset,Color,V11 Gloss Carbon/ Matte Black Logos,Size,M,,,210000131168,,,0,0,0
alpe-dhuez-01-rim-brake,2022 TIME Alpe d'Huez 01 Rim Brake Frameset,Color,V11 Gloss Carbon/ Matte Black Logos,Size,S,,,210000131167,,,0,0,0
alpe-dhuez-01-rim-brake,2022 TIME Alpe d'Huez 01 Rim Brake Frameset,Color,V11 Gloss Carbon/ Matte Grey Logos,Size,XS,,,210000131166,,,0,0,0
alpe-dhuez-01-rim-brake,2022 TIME Alpe d'Huez 01 Rim Brake Frameset,Color,V11 Gloss Carbon/ Matte Black Logos,Size,XXS,,,210000131165,,,0,0,0
alpe-dhuez-01-rim-brake,2022 TIME Alpe d'Huez 01 Rim Brake Frameset,Color,VA9 Gloss Blue/ Gloss Carbon,Size,XL,,,210000131164,,,0,0,0
alpe-dhuez-01-rim-brake,2022 TIME Alpe d'Huez 01 Rim Brake Frameset,Color,VA9 Gloss Blue/ Gloss Carbon,Size,L,,,210000131163,,,0,0,0
alpe-dhuez-01-rim-brake,2022 TIME Alpe d'Huez 01 Rim Brake Frameset,Color,VA9 Gloss Blue/ Gloss Carbon,Size,M,,,210000131162,,,0,0,0
alpe-dhuez-01-rim-brake,2022 TIME Alpe d'Huez 01 Rim Brake Frameset,Color,VA9 Gloss Blue/ Gloss Carbon,Size,XS,,,210000131161,,,0,0,0
alpe-dhuez-01-rim-brake,2022 TIME Alpe d'Huez 01 Rim Brake Frameset,Color,VA9 Gloss Blue/ Gloss Carbon,Size,S,,,210000131160,,,0,0,0
alpe-dhuez-01-rim-brake,2022 TIME Alpe d'Huez 01 Rim Brake Frameset,Color,VA9 Gloss Blue/ Gloss Carbon,Size,XXS,,,210000131159,,,0,0,0
open-mind-frameset,OPEN MIND Frameset,Color,Ready To Paint,Size,XL,,,210000128258,,,0,0,0
open-mind-frameset,OPEN MIND Frameset,Color,Ready To Paint,Size,L,,,210000128257,,,0,1,0
open-mind-frameset,OPEN MIND Frameset,Color,Grey / Matte Red,Size,XL,,,210000128259,,,0,0,0
open-mind-frameset,OPEN MIND Frameset,Color,Ready To Paint,Size,S,,,210000128255,,,0,0,0
open-mind-frameset,OPEN MIND Frameset,Color,Ready To Paint,Size,M,,,210000128256,,,0,0,0
open-mind-frameset,OPEN MIND Frameset,Color,Grey / Matte Red,Size,L,,,210000128086,,,0,1,0
open-mind-frameset,OPEN MIND Frameset,Color,Grey / Matte Red,Size,M,,,210000128085,,,0,0,0
open-mind-frameset,OPEN MIND Frameset,Color,Grey / Matte Red,Size,S,,,210000128084,,,0,0,0
time-scylon-rim-brake-frameset,Time Scylon Rim Brake Frameset,Color,Matte White,Size,XL,,,210000125014,,,0,0,0
time-scylon-rim-brake-frameset,Time Scylon Rim Brake Frameset,Color,Matte White,Size,MD,,,210000125013,,,0,0,0
time-scylon-rim-brake-frameset,Time Scylon Rim Brake Frameset,Color,Gloss Black,Size,XL,,,210000125012,,,0,0,0
time-scylon-rim-brake-frameset,Time Scylon Rim Brake Frameset,Color,Gloss Black,Size,LG,,,210000125011,,,0,0,0
time-scylon-rim-brake-frameset,Time Scylon Rim Brake Frameset,Color,Gloss Black,Size,MD,,,210000125010,,,0,0,0
time-scylon-rim-brake-frameset,Time Scylon Rim Brake Frameset,Color,Gloss Black,Size,SM,,,210000125009,,,0,0,0
time-scylon-rim-brake-frameset,Time Scylon Rim Brake Frameset,Color,Gloss Black,Size,XS,,,210000125008,,,0,0,0
time-scylon-aktiv-rim-brake-frameset,Time Scylon Aktiv Rim Brake Frameset,Color,Matte White,Size,XL,,,210000125019,,,0,0,0
time-scylon-aktiv-rim-brake-frameset,Time Scylon Aktiv Rim Brake Frameset,Color,Matte White,Size,MD,,,210000125018,,,0,0,0
time-scylon-aktiv-rim-brake-frameset,Time Scylon Aktiv Rim Brake Frameset,Color,Gloss Black,Size,XL,,,210000125017,,,0,0,0
time-scylon-aktiv-rim-brake-frameset,Time Scylon Aktiv Rim Brake Frameset,Color,Gloss Black,Size,LG,,,210000125016,,,0,0,0
time-scylon-aktiv-rim-brake-frameset,Time Scylon Aktiv Rim Brake Frameset,Color,Gloss Black,Size,MD,,,210000125015,,,0,0,0
time-scylon-disc-aktiv-frameset,Time Scylon Disc Aktiv Frameset,Color,Gloss Black,Size,MD,,,210000125007,,,0,0,0
time-fluidity-disc-frameset,TIME Fluidity Disc Frameset,Color,Francias,Size,M,,,210000117550,,,0,0,0
open-u-p-unbeaten-path-gravel-frameset,OPEN UP Frameset,Color,California Sage,Size,XL,,,210000120169,,,0,1,1
open-u-p-unbeaten-path-gravel-frameset,OPEN UP Frameset,Color,California Sage,Size,M,,,210000120170,,,0,0,2
open-u-p-unbeaten-path-gravel-frameset,OPEN UP Frameset,Color,California Sage,Size,L,,,210000120168,,,0,0,2
open-u-p-unbeaten-path-gravel-frameset,OPEN UP Frameset,Color,California Sage,Size,S,,,210000120167,,,0,0,2
3t-exploro-racemax-frame,3T Exploro RaceMax Frameset,Color,Ready To Paint,Size,51,,,210000120012,,,0,0,1
3t-exploro-racemax-frame,3T Exploro RaceMax Frameset,Color,Ready To Paint,Size,54,,,210000120010,,,0,1,1
3t-exploro-racemax-frame,3T Exploro RaceMax Frameset,Color,Ready To Paint,Size,56,,,210000120011,,,0,1,2
3t-exploro-racemax-frame,3T Exploro RaceMax Frameset,Color,Ready To Paint,Size,58,,,210000120014,,,0,1,1
3t-exploro-racemax-frame,3T Exploro RaceMax Frameset,Color,Ready To Paint,Size,61,,,210000120015,,,0,0,0
3t-exploro-racemax-frame,3T Exploro RaceMax Frameset,Color,Ready To Paint,Size,XXS,,,210000120013,,,0,0,0
2020-pinarello-prince-fx-disc-easy-fit-frameset,Pinarello Prince FX Disk Easy Fit Frameset,Color,269 White/Pink,Size,51,,,210000114174,,,0,0,0
2020-pinarello-prince-fx-disc-easy-fit-frameset,Pinarello Prince FX Disk Easy Fit Frameset,Color,269 White/Pink,Size,49,,,210000114172,,,0,0,0
2020-pinarello-prince-fx-disc-easy-fit-frameset,Pinarello Prince FX Disk Easy Fit Frameset,Color,269 White/Pink,Size,46,,,210000114170,,,0,0,0
3t-exploro-racemax-frame,3T Exploro RaceMax Frameset,Color,Sand/Olive,Size,XXS,,,210000118569,,,0,0,0
3t-exploro-racemax-frame,3T Exploro RaceMax Frameset,Color,Sand/Olive,Size,61,,,210000118572,,,0,0,0
3t-exploro-racemax-frame,3T Exploro RaceMax Frameset,Color,Red/White,Size,XXS,,,210000118570,,,0,0,0
3t-exploro-racemax-frame,3T Exploro RaceMax Frameset,Color,Grey/Orange,Size,XXS,,,210000118568,,,0,0,0
3t-exploro-racemax-frame,3T Exploro RaceMax Frameset,Color,Grey/Orange,Size,61,,,210000118571,,,0,0,0
3t-exploro-racemax-frame,3T Exploro RaceMax Frameset,Color,Red/White,Size,61,,,210000118573,,,0,0,0
3t-exploro-racemax-frame,3T Exploro RaceMax Frameset,Color,Red/White,Size,51,,,210000118567,,,0,0,0
3t-exploro-racemax-frame,3T Exploro RaceMax Frameset,Color,Grey/Orange,Size,51,,,210000118565,,,0,0,0
3t-exploro-racemax-frame,3T Exploro RaceMax Frameset,Color,Red/White,Size,56,,,210000118564,,,0,0,0
3t-exploro-racemax-frame,3T Exploro RaceMax Frameset,Color,Sand/Olive,Size,58,,,210000118562,,,0,0,0
3t-exploro-racemax-frame,3T Exploro RaceMax Frameset,Color,Sand/Olive,Size,51,,,210000118566,,,0,0,0
3t-exploro-racemax-frame,3T Exploro RaceMax Frameset,Color,Red/White,Size,58,,,210000118563,,,0,0,0
open-o-1-1,OPEN 0-1.1 Carbon Frame,Color,Matte Black,Size,XL,,,210000094571,,,0,1,0
3t-exploro-team-frameset,3T Exploro Team Frame,Color,Dark Blue,Size,S,,,210000117942,,,0,0,0
3t-exploro-team-frameset,3T Exploro Team Frame,Color,Ready To Paint,Size,S,,,210000117941,,,0,0,0
pinarello-grevil-plus-frameset,Pinarello Grevil+ Frameset,Color,A306 Carbon Flash Sky,Size,Size 59cm,,,210000113097,,,0,0,0
pinarello-grevil-plus-frameset,Pinarello Grevil+ Frameset,Color,A306 Carbon Flash Sky,Size,Size 56cm,,,210000113096,,,0,0,0
pinarello-grevil-plus-frameset,Pinarello Grevil+ Frameset,Color,A306 Carbon Flash Sky,Size,Size 53cm,,,210000113095,,,0,0,0
pinarello-grevil-plus-frameset,Pinarello Grevil+ Frameset,Color,A306 Carbon Flash Sky,Size,Size 50cm,,,210000113094,,,0,0,0
pinarello-grevil-plus-frameset,Pinarello Grevil+ Frameset,Color,A306 Carbon Flash Sky,Size,Size 47cm,,,210000113093,,,0,0,0
pinarello-grevil-plus-frameset,Pinarello Grevil+ Frameset,Color,A306 Carbon Flash Sky,Size,Size 44cm,,,210000113092,,,0,0,0
pinarello-grevil-plus-frameset,Pinarello Grevil+ Frameset,Color,A305 Carbon Grey,Size,Size 59cm,,,210000113091,,,0,0,0
pinarello-grevil-plus-frameset,Pinarello Grevil+ Frameset,Color,A305 Carbon Grey,Size,Size 56cm,,,210000113090,,,0,0,0
pinarello-grevil-plus-frameset,Pinarello Grevil+ Frameset,Color,A305 Carbon Grey,Size,Size 53cm,,,210000113089,,,0,0,0
pinarello-grevil-plus-frameset,Pinarello Grevil+ Frameset,Color,A305 Carbon Grey,Size,Size 50cm,,,210000113088,,,0,0,0
pinarello-grevil-plus-frameset,Pinarello Grevil+ Frameset,Color,A305 Carbon Grey,Size,Size 47cm,,,210000113087,,,0,0,0
pinarello-grevil-plus-frameset,Pinarello Grevil+ Frameset,Color,A305 Carbon Grey,Size,Size 44cm,,,210000113086,,,0,0,0
3t-exploro-racemax-frame,3T Exploro RaceMax Frameset,Color,Red/White,Size,54,,,210000116488,,,0,0,0
3t-exploro-racemax-frame,3T Exploro RaceMax Frameset,Color,Grey/Orange,Size,58,,,210000110361,,,0,0,0
3t-exploro-racemax-frame,3T Exploro RaceMax Frameset,Color,Grey/Orange,Size,54,,,210000110357,,,0,0,0
3t-exploro-racemax-frame,3T Exploro RaceMax Frameset,Color,Grey/Orange,Size,56,,,210000110363,,,0,0,0
3t-exploro-racemax-frame,3T Exploro RaceMax Frameset,Color,Sand/Olive,Size,56,,,210000110365,,,0,0,0
3t-exploro-racemax-frame,3T Exploro RaceMax Frameset,Color,Sand/Olive,Size,54,,,210000110359,,,0,0,0
open-mind-frameset,OPEN MIND Frameset,Color,Dark Blue,Size,L,,,210000111794,,,0,1,0
open-mind-frameset,OPEN MIND Frameset,Color,Dark Blue,Size,M,,,210000111792,,,0,0,0
open-mind-frameset,OPEN MIND Frameset,Color,Dark Blue,Size,S,,,210000111790,,,0,0,0
open-mind-frameset,OPEN MIND Frameset,Color,Dark Blue,Size,XL,,,210000111796,,,0,0,0
open-u-p-unbeaten-path-gravel-frameset,OPEN UP Frameset,Color,Grey/Orange,Size,L,,,210000116728,,,0,1,0
open-u-p-unbeaten-path-gravel-frameset,OPEN UP Frameset,Color,Grey/Orange,Size,XL,,,210000116727,,,0,1,0
open-u-p-unbeaten-path-gravel-frameset,OPEN UP Frameset,Color,Grey/Orange,Size,M,,,210000116726,,,0,0,0
open-u-p-unbeaten-path-gravel-frameset,OPEN UP Frameset,Color,Grey/Orange,Size,S,,,210000116725,,,0,0,0
open-u-p-unbeaten-path-gravel-frameset,OPEN UP Frameset,Color,Blue,Size,S,,,210000087445,,,0,0,0
open-u-p-unbeaten-path-gravel-frameset,OPEN UP Frameset,Color,Blue,Size,XL,,,210000089154,,,0,0,0
open-u-p-unbeaten-path-gravel-frameset,OPEN UP Frameset,Color,Blue,Size,L,,,210000086740,,,0,1,0
open-u-p-unbeaten-path-gravel-frameset,OPEN UP Frameset,Color,Green,Size,L,,,210000087028,,,0,0,0
open-u-p-unbeaten-path-gravel-frameset,OPEN UP Frameset,Color,Blue,Size,M,,,210000086775,,,0,0,0
open-u-p-unbeaten-path-gravel-frameset,OPEN UP Frameset,Color,Ready To Paint,Size,L,,,210000093575,,,0,1,1
open-u-p-unbeaten-path-gravel-frameset,OPEN UP Frameset,Color,Ready To Paint,Size,XL,,,210000108361,,,0,1,2
open-u-p-unbeaten-path-gravel-frameset,OPEN UP Frameset,Color,Green,Size,XL,,,210000087606,,,0,0,0
open-u-p-unbeaten-path-gravel-frameset,OPEN UP Frameset,Color,Green,Size,S,,,210000094213,,,0,0,0
open-u-p-unbeaten-path-gravel-frameset,OPEN UP Frameset,Color,Ready To Paint,Size,S,,,210000102134,,,0,1,1
open-u-p-unbeaten-path-gravel-frameset,OPEN UP Frameset,Color,Ready To Paint,Size,M,,,210000092409,,,0,1,1
open-u-p-unbeaten-path-gravel-frameset,OPEN UP Frameset,Color,Green,Size,M,,,210000087030,,,0,0,0
open-one-frameset,Open One + Frameset,Color,Black,Size,L,,,210000076094,,,0,0,0
open-one-frameset,Open One + Frameset,Color,Black,Size,M,,,210000077605,,,0,0,0
open-u-p-p-e-r-frameset,OPEN UPPER Frameset,Color,Black,Size,M,,,210000083484,,,0,0,0
open-u-p-p-e-r-frameset,OPEN UPPER Frameset,Color,Ready To Paint,Size,M,,,210000097815,,,0,2,0
open-u-p-p-e-r-frameset,OPEN UPPER Frameset,Color,Black,Size,S,,,210000083486,,,0,0,0
open-u-p-p-e-r-frameset,OPEN UPPER Frameset,Color,Ready To Paint,Size,L,,,210000097959,,,0,1,2
open-u-p-p-e-r-frameset,OPEN UPPER Frameset,Color,Black,Size,L,,,210000083482,,,0,0,0
open-u-p-p-e-r-frameset,OPEN UPPER Frameset,Color,Black,Size,XL,,,210000081657,,,0,0,0
open-u-p-p-e-r-frameset,OPEN UPPER Frameset,Color,Ready To Paint,Size,S,,,210000106322,,,0,0,1
open-u-p-p-e-r-frameset,OPEN UPPER Frameset,Color,Ready To Paint,Size,XL,,,210000101533,,,0,0,0
colnago-v2-r,Colnago V2-r Frameset,Title,Default Title,,,,,"",,,not stocked,0,not stocked
